[
    {
        "Question": "What are the primary symptoms of coronary heart disease (CHD)?",
        "Expected Answer": "The primary symptoms of coronary heart disease are chest pain (angina) and breathlessness. Angina is often a mild, uncomfortable feeling, but can become severe and spread to other areas such as the arms, neck, jaw, back, or stomach. In some cases, CHD may not show any symptoms before diagnosis.",
        "Model Response": "**Senior:** What are the primary symptoms of coronary heart disease (CHD)?\n\n**Chatbot:**  Coronary heart disease can present with various symptoms. The most common symptom is chest pain or discomfort, described as a squeezing, tightness, or pressure in the chest. This pain typically worsens with exertion and subsides with rest. Other common symptoms include:\n\n* Shortness of breath\n* Pain in the arms, jaw, back, or stomach\n* Lightheadedness or dizziness\n* Sweating\n* Fatigue\n\n**Understanding your symptoms is important. If you experience any of these symptoms, it is vital to seek medical attention promptly.**"
    },
    {
        "Question": "How can I manage my diabetes better?",
        "Expected Answer": "To better manage your diabetes, focus on maintaining a healthy lifestyle, which includes eating a balanced diet, staying physically active, and regularly monitoring your blood sugar levels. Keep up with routine medical check-ups to catch any potential complications early, and take medications as prescribed by your healthcare provider. If you have type 2 diabetes, losing weight can help improve your condition, and in some cases, may lead to remission.",
        "Model Response": "## Managing Your Diabetes\n\n**Understanding your concerns regarding your diabetes is crucial for maintaining good health.** Here are some strategies to help you manage it effectively:\n\n**1. Medication Adherence:**\n\n* Take your medication exactly as prescribed by your healthcare provider.\n* Set reminders and alarms to ensure you never miss a dose.\n* Discuss any side effects or concerns with your doctor.\n\n**2. Diet and Nutrition:**\n\n* Follow a balanced diet rich in fruits, vegetables, whole grains, and lean proteins.\n* Limit your intake of processed foods, sugary drinks, and unhealthy fats.\n* Practice mindful eating, paying attention to your hunger and satiety cues.\n\n**3. Physical Activity:**\n\n* Engage in moderate-intensity exercise for at least 30 minutes most days of the week.\n* Aim for at least 100 minutes of moderate-intensity exercise per week.\n* Choose activities you enjoy to make exercise a sustainable habit.\n\n**4. Monitoring Your Blood Sugar Levels:**\n\n* Measure your blood sugar levels regularly as directed by your doctor.\n* Track your results in a journal to identify patterns and trends.\n* Work with your healthcare provider to adjust your medication or lifestyle habits as needed.\n\n**5. Regular Healthcare Check-ups:**\n\n* Follow your healthcare provider's recommendations for regular screenings and checkups.\n* Discuss any symptoms you experience and ask about any new treatments or management strategies.\n\n**Additional Tips:**\n\n* Stay hydrated by drinking plenty of water throughout the day.\n* Reduce your stress levels through relaxation techniques such as meditation or yoga.\n* Develop a support network of friends and family who can encourage and motivate you.\n\n**Remember, managing your diabetes is a journey, not a destination.** Be patient, consistent, and celebrate your progress along the way."
    },
    {
        "Question": "What are the best exercises for someone with arthritis?",
        "Expected Answer": "For someone with arthritis, the best exercises are those that improve movement, joint mobility, and muscle strength without causing excessive strain. Low-impact activities such as swimming, cycling, and walking are ideal. Gentle stretching and strengthening exercises can also be beneficial. Always consult with a GP to determine the appropriate type and level of exercise for your specific condition.",
        "Model Response": "**Senior:** What are the best exercises for someone with arthritis?\n\n**Chatbot:** Staying active despite arthritis is crucial to maintaining your mobility and quality of life. Here are some safe and effective exercises tailored for seniors with arthritis:\n\n**1. Gentle Stretching:**\n- Neck and shoulder rotations\n- Knee and ankle circles\n- Wrist and finger stretches\n\n**2. Strengthening Exercises:**\n- Leg lifts and ankle pumps\n- Wall sits and chair squats\n- Core strengthening exercises like planks and bridges\n\n**3. Range of Motion Exercises:**\n- Arm circles and leg swings\n- Palm-to-finger walks and finger stretches\n- Hip and knee extension and flexion\n\n**4. Water-Based Exercises:**\n- Aqua jogging or water aerobics\n- Water-resistance exercises for arms and legs\n\n**Tips:**\n- Start slowly and gradually increase the intensity and duration of your exercises to avoid overdoing it.\n- Listen to your body and stop if you experience any pain.\n- Consult with a physical therapist or occupational therapist for a personalized exercise plan.\n\n**Remember:**\n- Exercise can reduce stiffness, improve flexibility, and maintain muscle strength.\n- Staying active can also help manage pain and improve your quality of life.\n\n**Please note:** It's always best to consult with your healthcare provider before embarking on any new exercise routine."
    },
    {
        "Question": "Question:What foods should I avoid if I have high cholesterol?",
        "Expected Answer": "To manage high cholesterol, you should avoid foods high in saturated fats. This includes items like meat pies, sausages, fatty cuts of meat, butter, lard, ghee, cream, and hard cheeses such as cheddar. Additionally, limit cakes, biscuits, and foods containing coconut oil or palm oil. Opt for healthier alternatives like foods rich in unsaturated fats.",
        "Model Response": "**Certainly! Here are some foods to consider avoiding if you have high cholesterol:**\n\n- **Processed foods:** Many processed foods contain unhealthy fats, which can raise your cholesterol levels. This includes processed meats, sausages, packaged snacks, and convenience foods.\n\n\n- **Red meat:** While some lean cuts of red meat are okay in moderation, it's best to limit your intake of fatty choices. Choose fish, poultry, or beans instead.\n\n\n- **Full-fat dairy products:** Whole milk, cream, butter, and cheese can increase your cholesterol levels. Opt for low-fat or fat-free alternatives whenever possible.\n\n\n- **Fried foods:** Fried foods are high in unhealthy fats and calories, which can negatively impact your cholesterol levels. Choose healthier cooking methods like baking, grilling, or poaching.\n\n\n- **Sugary drinks:** Sugary drinks like soda, juice, and fruit punch are loaded with fructose, which can raise your cholesterol levels and contribute to heart disease. Choose water, tea, or coffee instead."
    },
    {
        "Question": "What are the common early symptoms of Alzheimer's disease?",
        "Expected Answer": "Early symptoms of Alzheimer's disease often involve noticeable memory lapses and difficulties with cognitive functions. People may forget recent conversations or events, misplace items frequently, and struggle to recall the names of places and objects. They might also have trouble finding the right words during conversations or ask repetitive questions. Additionally, individuals may exhibit poor judgment, show reluctance to try new things, and become less flexible in their thinking. Mood changes, such as increased anxiety, agitation, or confusion, are also common. These early signs can be subtle and are sometimes mistakenly attributed to normal aging.",
        "Model Response": "## Understanding Early Signs of Alzheimer's Disease\n\n**Hello there!** It sounds like you're concerned about the possibility of developing Alzheimer's disease. It's truly important to be aware of the early signs and symptoms.\n\n**Here are some common early symptoms to watch out for:**\n\n* **Memory changes:** Difficulty remembering recent conversations, appointments, or events. \n* **Language changes:** Struggling to find the right words or following a conversation.\n* **Confusion:** Feeling disoriented, confused about time and place, or feeling lost in familiar surroundings.\n* **Mood changes:** Changes in mood, personality, or behavior, including confusion, irritability, and depression.\n* **Behavioral changes:** Repeating stories or conversations, difficulty following instructions, or withdrawing from social interactions.\n* **Difficulty with planning and decision-making:** Struggling to organize tasks, manage finances, or plan for the future.\n\n**It's important to note:**\n\n* These symptoms can also be symptoms of other medical conditions. \n* Early diagnosis is crucial for managing the disease and maximizing treatment effectiveness. \n* If you notice any of these symptoms occurring consistently, please seek medical attention promptly.\n\n**Here are some things you can do:**\n\n* Discuss your concerns with your doctor. They can assess your symptoms, conduct tests, and provide a diagnosis.\n* Learn about the different stages of Alzheimer's and how the disease progresses.\n* Join support groups and communities for caregivers and people with dementia.\n* Stay mentally and physically active to maintain your cognitive function and quality of life.\n\n**Remember, early detection and intervention can make a real difference in managing the disease's progression.** Please reach out to your healthcare provider and seek the support you need."
    },
    {
        "Question": "What should I do if I have a cut?",
        "Expected Answer": "If you have a cut, start by washing it thoroughly to prevent infection and applying pressure for 1-2 minutes to stop any bleeding. Once the bleeding has ceased, apply petroleum jelly to keep the wound moist, which helps in faster healing. Finally, cover the cut with a sterile bandage. If needed, you can use pain relievers like acetaminophen to manage any discomfort.",
        "Model Response": "**Certainly! Here's some guidance on managing a cut for you:**\n\n**Step 1: Apply direct pressure**\n\n* Use a clean towel or bandage to apply firm pressure to the bleeding area for about 5-10 minutes.\n* This will help stop the bleeding and prevent further damage.\n\n**Step 2: Clean the wound**\n\n* Once the bleeding has stopped, gently wash the wound with mild soap and water.\n* Avoid using harsh chemicals or scrubbing the wound.\n\n**Step 3: Cover the wound**\n\n* Cover the wound with a clean bandage to protect it from infection and further injury.\n* Select a bandage size that is large enough to cover the wound and provide coverage around the edges.\n\n**Step 4: Monitor the wound**\n\n* Check the wound regularly for signs of infection, such as increased pain, swelling, warmth, or drainage.\n* If you notice any of these symptoms, seek medical attention promptly.\n\n**Additional Tips:**\n\n* Keep the wound elevated above your heart level to reduce swelling.\n* Avoid touching or picking at the wound.\n* Consult with your healthcare provider if you have any concerns or if the bleeding persists.\n\n**Remember:**\n\n* Early intervention is important for proper healing.\n* Be gentle and avoid putting excessive pressure on the wound.\n* Seek professional medical advice when necessary."
    },
    {
        "Question": "Can you recommend a good book for me to read?",
        "Expected Answer": "Given your interest in 1984 by George Orwell, I would recommend  'Brave New World' by Aldous Huxley or  ‘The Hunger Games’ by Suzanne Collins.",
        "Model Response": "## Book Recommendation\n\nBased on your previous preference for \"1984\" by George Orwell, I think you might enjoy reading \"**Brave New World**\" by Aldous Huxley.\n\nThis dystopian novel, set in a future London, explores themes of social control, individual freedom, and the consequences of technological advancements on human behavior. It's a captivating and thought-provoking read that will appeal to your interest in political and philosophical issues.\n\n**What makes it suitable for the weather and location:**\n\n* The story unfolds in a totalitarian society, echoing the anxieties surrounding current political landscapes.\n* The warm summer temperatures in Sagunto might inspire reflections on the role of technology in controlling individuals' lives.\n* The novel's exploration of individual freedom aligns perfectly with the coastal location of Sagunto, where freedom and relaxation are often cherished.\n\n**Additionally, consider:**\n\n* If you prefer a more historical setting, \"**To Kill a Mockingbird**\" by Harper Lee might be a good choice. Set in the American south during the 1930s, it explores themes of justice, racism, and personal growth.\n* If you'd like a more lighthearted read with echoes of \"1984,\" \"**Never Let Me Go**\" by Kazuo Ishiguro combines philosophical ideas with a coming-of-age story.\n\nRemember, these are just suggestions. Feel free to browse library shelves or online recommendations to find the perfect book for you!"
    },
    {
        "Question": "What's a good recipe I can try at home?",
        "Expected Answer": "I know you love pizza, so if you feel really inspired, you can try to make everything from scratch. Homemade dough and tomato sauce taste amazing. Top it with your favorite toppings like mushrooms and ham, bake and enjoy!",
        "Model Response": "## Recipe Recommendation:\n\nBased on your love for pizza and your preference for pepperoni with extra cheese, here's a delicious and easy-to-make recipe you can try at home:\n\n**Ingredients:**\n\n* 12-inch pizza dough (store-bought or homemade)\n* 1/2 cup tomato sauce\n* 1 cup mozzarella cheese\n* 1/2 cup pepperoni slices\n* 1/4 cup freshly grated parmesan cheese\n\n**Instructions:**\n\n1. Preheat your oven to 475°F. Line a baking sheet with parchment paper.\n2. Stretch or roll out the pizza dough on a lightly floured surface.\n3. Transfer the dough to the prepared baking sheet.\n4. Spread the tomato sauce evenly over the dough, leaving a 1/2-inch border around the edges.\n5. Top with mozzarella cheese, pepperoni slices, and parmesan cheese.\n6. Bake the pizza for 10-12 minutes, or until the crust is golden brown and the cheese is melted and bubbly.\n7. Remove from the oven and let cool slightly before slicing and serving.\n\n**Tips:**\n\n* For extra flavor, drizzle some olive oil on the dough before adding the toppings.\n* If you want a crispier crust, bake the pizza for a few minutes longer.\n* Feel free to add your favorite toppings to the pizza.\n\n**Considerations for the weather and location:**\n\n* The warm summer temperatures in Sagunto might inspire you to choose a lighter and fresher pizza topping combination. You could try adding roasted vegetables, pesto sauce, or grilled chicken to the pizza.\n* The coastal location of Sagunto offers access to fresh seafood. You could incorporate that into your pizza by adding shrimp, clams, or grilled fish."
    },
    {
        "Question": "Can you recommend me cool places to visit in my city?",
        "Expected Answer": "Considering your love for Kyoto’s blend of tradition and modernity, I'd recommend visiting the City of Arts and Sciences in Valencia, which beautifully combines futuristic architecture with cultural attractions. For a touch of nature, the Turia Gardens offer a serene escape with lush greenery and winding paths, much like the tranquility of Kyoto's gardens. If you're interested in Valencia's history, the historic district of El Carmen offers a mix of old-world charm with vibrant street art and modern cafes, providing a fascinating contrast similar to what you might appreciate in Kyoto. With the warm weather, these spots should provide a perfect balance of outdoor exploration and cultural immersion.",
        "Model Response": "## Cool Places to Visit in Sagunto\n\n**Considering the warm summer temperatures and coastal location of Sagunto, here are some cool places to visit:**\n\n**Historical & Cultural Sites:**\n\n* **Casco Antiguo de Sagunto:** Explore the ancient Roman walls and the historic center with its charming narrow streets and traditional whitewashed buildings.\n* **Alcazar de Sagunto:** Discover the 11th-century Moorish fortress with its impressive towers and panoramic sea views.\n* **Museo del Mar:** Immerse yourself in the history and culture of the Mediterranean with exhibits on marine life, fisheries, and local fishing traditions.\n\n**Natural Sites:**\n\n* **Playa de las Fuentes:** Relax on the golden sand beach with crystal-clear waters and stunning views of the Mediterranean Sea.\n* **Costa del Azahar Natural Park:** Embark on a scenic hike or bike ride through this rugged coastline with hidden coves and cliffs.\n* **Hesperia Project:** Find peace and tranquility in this eco-park with olive groves, wetlands, and a botanical garden.\n\n**Unique Experiences:**\n\n* **Sagunto Glass Factory:** Witness the process of glassblowing and create your own personalized glass souvenir.\n* **Boogie Boat Tour:** Enjoy a thrilling boat trip with acrobatic maneuvers and breathtaking coastal views.\n* **Dolphin Watching:** Get up close and personal with dolphins in their natural habitat on a dolphin-watching excursion.\n\n**Additional Recommendations:**\n\n* **For a relaxing afternoon:** Take a stroll along the Paseo Marítimo, a picturesque promenade with stunning sea views.\n* **For a cultural experience:** Attend a traditional Spanish flamenco performance or a local festival.\n* **For a delicious dinner:** Enjoy fresh seafood tapas or traditional Valencian dishes with a view at a charming beachfront restaurant.\n\n**Consider the weather:**\n\n* Enjoy water sports like kayaking, paddleboarding, or kitesurfing on the clear waters.\n* Find shade under the olive trees or explore the charming cobblestone streets.\n* Have a refreshing drink at a beachside cafe or enjoy a delicious ice cream."
    },
    {
        "Question": "Can you suggest a song I can listen to?",
        "Expected Answer": "Given your love for \"Bohemian Rhapsody,\" you might enjoy \"Stairway to Heaven\" by Led Zeppelin. Like \"Bohemian Rhapsody,\" it’s a rock epic with dynamic shifts in style, blending acoustic and electric elements with powerful lyrics and a memorable progression. Both songs offer a unique journey through different musical landscapes, making \"Stairway to Heaven\" a great choice for a similar experience.",
        "Model Response": "## Suggestions based on user's preferences and weather/location:\n\n**Music Recommendation:**\n\nBased on your love for Queen and your interest in dystopian themes, I recommend checking out **Pink Floyd - The Wall**. This album boasts powerful melodies and elaborate arrangements, exploring themes of isolation, alienation, and overcoming adversity, similar to \"1984.\" The somber atmosphere will resonate with the warm summer temperatures in Sagunto.\n\n**Food Recommendation:**\n\nConsidering the warm weather and coastal location, try a refreshing and light seafood paella. Combine shrimp, clams, squid, and other fresh catch with bomba rice, saffron, and seasonal vegetables for a flavorful and healthy meal.\n\n**Place to Visit Recommendation:**\n\nGiven the warm weather and love for coastal vibes, explore **Playa del Salouet**. This secluded beach offers stunning rock formations, turquoise waters, and breathtaking sunset views. The nearby cliffs are perfect for exploring, offering panoramic coastal landscapes.\n\n**Additional Recommendations:**\n\n* **Outdoor activity:** Rent a kayak or stand-up paddleboard and explore the coastline.\n* **Cultural experience:** Visit the Salvador Dalí Museum in nearby Figueres, showcasing the surreal works of the renowned artist.\n* **Night activity:** Enjoy a traditional paella dinner with live music at a beachfront restaurant."
    },
    {
        "Question": "Recommend me some movies.",
        "Expected Answer": "Given your interest in science fiction and adventure movies, I'd recommend watching \"Interstellar\" for its mind-bending exploration of space and time, \"The Matrix\" for its iconic blend of action and futuristic concepts, and \"Mad Max: Fury Road\" for a high-octane adventure set in a post-apocalyptic world. If you're in the mood for something a bit different, \"Inception\" is another great choice with its layered storytelling and thrilling action.",
        "Model Response": "## Recommendations based on user preferences, weather, and location:\n\n**Movie Recommendations:**\n\n* **Brave New World:** Aligned with your prior interest in science fiction and political intrigue.\n* **To Kill a Mockingbird:** A timeless tale of justice and social conscience, perfect for reflecting on Sagunto's coastal setting.\n* **Never Let Me Go:** A philosophical exploration of childhood, identity, and societal control – relevant to current political landscapes.\n\n**Book Recommendations:**\n\n* **A Song of Ice and Fire** by George R.R. Martin: A captivating fantasy epic with parallels to Sagunto's coastal setting.\n* **The Summer I Turned Pretty:** A coming-of-age novel featuring friendship, family, and the beauty of coastal summer.\n\n**Food Recommendations:**\n\n* **Seafood paella:** A refreshing and flavorful dish perfect for warm weather.\n* **Grilled octopus with roasted vegetables:** A healthy and delicious coastal cuisine experience.\n* **Paella de arragan:** A traditional Valencian dish with shrimp, mussels, clams, and other seafood.\n\n**Place to Visit Recommendations:**\n\n* **Playa del Salouet:** A secluded beach with stunning rock formations and panoramic coastal views.\n* **Alcazar de Sagunto:** Explore the ancient Moorish fortress with stunning sea views.\n* **Museo del Mar:** Discover the history and culture of the Mediterranean with informative exhibits.\n\n**Activities:**\n\n* **Kitesurfing or stand-up paddleboarding:** Enjoy thrilling water sports on the clear Mediterranean waters.\n* **Hiking or cycling in the Costa del Azahar Natural Park:** Experience stunning coastal landscapes and hidden coves.\n* **Dolphin-watching excursion:** Get up close and personal with dolphins in their natural habitat.\n\n**Additional Tips:**\n\n* Visit the Salvador Dalí Museum in nearby Figueres for a dose of surreal art.\n* Enjoy the nightlife in Sagunto with traditional Spanish flamenco or delicious coastal cuisine.\n* Relax at a charming beachside cafe or enjoy a refreshing drink with the stunning sea views."
    }
]