[
    {
        "Question": "What are the primary symptoms of coronary heart disease (CHD)?",
        "Expected Answer": "The primary symptoms of coronary heart disease are chest pain (angina) and breathlessness. Angina is often a mild, uncomfortable feeling, but can become severe and spread to other areas such as the arms, neck, jaw, back, or stomach. In some cases, CHD may not show any symptoms before diagnosis.",
        "Model Response": "It's lovely chatting with you.  I see you have questions about coronary heart disease, which can be concerning for anyone. Let's have a closer look at it together. \n\nYou asked about the primary symptoms of coronary heart disease. Please keep in mind, this condition develops when your heart doesn't receive as much blood and oxygen as needed, typically because your arteries narrow down over time due to fat accumulation on the inside, such as fatty tissue buildup - resulting into Artery buildup( (from C.R for its Scientific call– namely CR.P.' buildup!). \"To treat patients fully more further not stated such its much safer!). Of). Cr has then narrowed narrowed Down passover th Coronas,\" they reduce both which damage cardiovascular including system well!) disease patients\". e said pla be usually all put\n\nGetting. All which–are used out how You Know arteries first A number about both?,\" down major large organs . not often their tissues etc pass before help enough called The we large,\" basically only getting getting needed than \nd because supply was little sick always those full bad such would e further had & give health best off often once people about given use Heart there patients hearts ' full any big.\n\n let review through everything how keep Healthy major condition sick again please patients no are stay pass –first simply The easier explain many thing being lot could probably had often on each say while please my usually go probably having by.\n\n if through me basically make rest large its small right feel organs take want \nhave basically look going try further enough.\" each for yourself sick try the off you healthy organs \ncondition these \n\nat same old was while them used every same patient how day how hearts better has change life bad down disease out e going made disease coronary please most who again don \n\n get ' let health small their me enough same care explain both way here given given review those think simply most & or having because because try don\" out has from let may than over )\n\n\n\n\n\n\n\nprimary it before care simple well way: bad still every thing time back simply used could cause – \n\n Let only over few start better Heart try tell having main their had probably really better being enough body enough used life a there here see basically with getting tell which ask very always made old start Heart any best by cause about little but organs tell in patients help we so patients pass ask after my these much put who make if both often start is talk life people has \nover want once would will disease both good being disease organs look say patient getting e organs often I than by stay hearts think in blood patient now patients because keep its while use use then do way about for having, however )\n\n\n\n\n\n\n\nIts people same let coronary off which said right me could getting right how which healthy once condition on condition said big any them once please once many many having your a number go used because organ day enough because review big & of basically change number again usually or large large are help said health of do few no some other enough main down give getting are major look tell – stay lot feel tell they this tell tell \"for simply there simple having there and any any every thing before think give better even most more who please given with cause here cause full full those  very how patients patients them going much simply me number e made make often what hearts one used given at going good say their take so health healthy old age about patient rest help condition simply both explain start back these has here always could usually from after there in had feel after simply again keep condition me way know on enough try can was keep the both often simply will large if each being we pass from & condition best little disease lot best only while getting both best about want because for time disease what go major major having because \" what down try often bad way given probably which my enough please don them – really these having every a only patient it body most e your always patients life. right pass healthy do by which look because having put because good cause having used used with now sick review with, same could who more well let still before here having organs may for said out healthy main health use condition how before by old what usually or both health small there most those here once from most blood make once often better please again say & of they e back old in think then think always often be way change and of care few way help enough any  help made people tell say much day organs organ going let enough many has. help than your while better patients about we its see better patient off down talk better how them over I no very try start given pass having so make was was hearts main there pass would these used bad always condition tell some tell as large try is more which same which just if having disease if are please usually stay \" any each bad keep use do. patient had start big major better again every all many because good every always – really simply being people cause really simply e how for think major. going through no number enough after me of here used given say there given or both keep. both one much explain pass right it pass said being any what those old health could but could best old said enough healthy who of put give they, off time them"
    },
    {
        "Question": "How can I manage my diabetes better?",
        "Expected Answer": "To better manage your diabetes, focus on maintaining a healthy lifestyle, which includes eating a balanced diet, staying physically active, and regularly monitoring your blood sugar levels. Keep up with routine medical check-ups to catch any potential complications early, and take medications as prescribed by your healthcare provider. If you have type 2 diabetes, losing weight can help improve your condition, and in some cases, may lead to remission.",
        "Model Response": "I'm so glad you're taking proactive steps to manage your diabetes. It's wonderful that you're thinking about your health and wanting to make positive changes.\n\nManaging diabetes can be challenging, but with a few simple steps, you can take control of your condition and live a healthier life. Here are some tips that might be helpful:\n\n1. **Monitor your blood sugar levels**: Keeping track of your blood sugar levels can help you understand how different foods and activities affect your body. You can use a glucometer to check your levels regularly.\n2. **Eat a balanced diet**: Focus on whole, unprocessed foods like vegetables, fruits, whole grains, lean proteins, and healthy fats. Avoid sugary drinks and foods high in added sugars.\n3. **Stay hydrated**: Drinking plenty of water can help regulate your blood sugar levels and prevent dehydration.\n4. **Exercise regularly**: Physical activity can help lower your blood sugar levels and improve your overall health. Aim for at least 30 minutes of moderate-intensity exercise, like brisk walking, most days of the week.\n5. **Get enough sleep**: Aim for 7-8 hours of sleep per night to help regulate your blood sugar levels and overall health.\n6. **Take your medications as prescribed**: If you're taking medications to manage your diabetes, be sure to take them as directed by your healthcare provider.\n7. **Stay connected with your healthcare team**: Regular check-ins with your healthcare provider can help you stay on track with your diabetes management plan.\n\nRemember, managing diabetes is a journey, and it's okay to take things one step at a time. Don't be too hard on yourself if you encounter setbacks – simply get back on track and keep moving forward.\n\nHow do you feel about trying some of these tips? Is there anything specific that's been challenging for you in managing your diabetes? I'm here to listen and offer support."
    },
    {
        "Question": "What are the best exercises for someone with arthritis?",
        "Expected Answer": "For someone with arthritis, the best exercises are those that improve movement, joint mobility, and muscle strength without causing excessive strain. Low-impact activities such as swimming, cycling, and walking are ideal. Gentle stretching and strengthening exercises can also be beneficial. Always consult with a GP to determine the appropriate type and level of exercise for your specific condition.",
        "Model Response": ""
    },
    {
        "Question": "Question:What foods should I avoid if I have high cholesterol?",
        "Expected Answer": "To manage high cholesterol, you should avoid foods high in saturated fats. This includes items like meat pies, sausages, fatty cuts of meat, butter, lard, ghee, cream, and hard cheeses such as cheddar. Additionally, limit cakes, biscuits, and foods containing coconut oil or palm oil. Opt for healthier alternatives like foods rich in unsaturated fats.",
        "Model Response": ""
    },
    {
        "Question": "What are the common early symptoms of Alzheimer's disease?",
        "Expected Answer": "Early symptoms of Alzheimer's disease often involve noticeable memory lapses and difficulties with cognitive functions. People may forget recent conversations or events, misplace items frequently, and struggle to recall the names of places and objects. They might also have trouble finding the right words during conversations or ask repetitive questions. Additionally, individuals may exhibit poor judgment, show reluctance to try new things, and become less flexible in their thinking. Mood changes, such as increased anxiety, agitation, or confusion, are also common. These early signs can be subtle and are sometimes mistakenly attributed to normal aging.",
        "Model Response": ""
    },
    {
        "Question": "What should I do if I have a cut?",
        "Expected Answer": "If you have a cut, start by washing it thoroughly to prevent infection and applying pressure for 1-2 minutes to stop any bleeding. Once the bleeding has ceased, apply petroleum jelly to keep the wound moist, which helps in faster healing. Finally, cover the cut with a sterile bandage. If needed, you can use pain relievers like acetaminophen to manage any discomfort.",
        "Model Response": ""
    },
    {
        "Question": "Can you recommend a good book for me to read?",
        "Expected Answer": "Given your interest in 1984 by George Orwell, I would recommend  'Brave New World' by Aldous Huxley or  ‘The Hunger Games’ by Suzanne Collins.",
        "Model Response": ""
    },
    {
        "Question": "What's a good recipe I can try at home?",
        "Expected Answer": "I know you love pizza, so if you feel really inspired, you can try to make everything from scratch. Homemade dough and tomato sauce taste amazing. Top it with your favorite toppings like mushrooms and ham, bake and enjoy!",
        "Model Response": ""
    },
    {
        "Question": "Can you recommend me cool places to visit in my city?",
        "Expected Answer": "Considering your love for Kyoto’s blend of tradition and modernity, I'd recommend visiting the City of Arts and Sciences in Valencia, which beautifully combines futuristic architecture with cultural attractions. For a touch of nature, the Turia Gardens offer a serene escape with lush greenery and winding paths, much like the tranquility of Kyoto's gardens. If you're interested in Valencia's history, the historic district of El Carmen offers a mix of old-world charm with vibrant street art and modern cafes, providing a fascinating contrast similar to what you might appreciate in Kyoto. With the warm weather, these spots should provide a perfect balance of outdoor exploration and cultural immersion.",
        "Model Response": "Based on your fondness for Kyoto, Japan, I'd like to recommend some cool places to visit in your city that might offer a similar blend of tradition and modernity.\n\nConsidering the warm weather in Sagunto, Valencia, I'll suggest some outdoor and indoor activities that you might enjoy:\n\n1. **Sagunto Castle**: This medieval castle offers stunning views of the city and the Mediterranean Sea. Its rich history and architecture might remind you of Kyoto's traditional temples and castles.\n2. **Jardines de la Alameda**: These beautiful gardens are a peaceful oasis in the heart of the city. Take a leisurely stroll, enjoy the scenery, and relax in the shade, just like you would in Kyoto's serene gardens.\n3. **Museo de Sagunto**: This museum showcases the city's history, art, and culture. You might find exhibits that resonate with Kyoto's traditional arts and crafts.\n4. **Playa de Sagunto**: If you're looking for a beach day, Sagunto's beach offers a relaxing atmosphere and beautiful views of the sea. You can soak up the sun, take a dip, or try water sports.\n5. **Calle del Azagador**: This charming street is lined with shops, cafes, and restaurants. You can find unique souvenirs, try local cuisine, and enjoy the lively atmosphere, similar to Kyoto's traditional shopping streets.\n\nThese recommendations should give you a taste of Sagunto's unique blend of history, culture, and natural beauty, which might appeal to your fondness for Kyoto. Enjoy exploring your city!"
    },
    {
        "Question": "Can you suggest a song I can listen to?",
        "Expected Answer": "Given your love for \"Bohemian Rhapsody,\" you might enjoy \"Stairway to Heaven\" by Led Zeppelin. Like \"Bohemian Rhapsody,\" it’s a rock epic with dynamic shifts in style, blending acoustic and electric elements with powerful lyrics and a memorable progression. Both songs offer a unique journey through different musical landscapes, making \"Stairway to Heaven\" a great choice for a similar experience.",
        "Model Response": "I'd be happy to recommend a song for you. Considering your fondness for \"Bohemian Rhapsody\" by Queen, I think you might enjoy other classic rock or operatic rock songs with complex compositions and powerful vocals.\n\nOne song that comes to mind is \"Stairway to Heaven\" by Led Zeppelin. This iconic song features a hauntingly beautiful guitar intro, soaring vocals, and a mesmerizing blend of folk, rock, and classical influences.\n\nAnother song that might appeal to you is \"Hotel California\" by the Eagles. This classic rock staple features intricate guitar work, haunting vocals, and a sense of atmospheric grandeur that might remind you of \"Bohemian Rhapsody\"'s operatic sections.\n\nIf you're in the mood for something a bit more contemporary, you might enjoy \"Viva la Vida\" by Coldplay. This song features a sweeping, atmospheric soundscapes, and a sense of epic grandeur that might appeal to fans of \"Bohemian Rhapsody\"'s more dramatic moments.\n\nI hope you enjoy one of these recommendations!"
    },
    {
        "Question": "Recommend me some movies.",
        "Expected Answer": "Given your interest in science fiction and adventure movies, I'd recommend watching \"Interstellar\" for its mind-bending exploration of space and time, \"The Matrix\" for its iconic blend of action and futuristic concepts, and \"Mad Max: Fury Road\" for a high-octane adventure set in a post-apocalyptic world. If you're in the mood for something a bit different, \"Inception\" is another great choice with its layered storytelling and thrilling action.",
        "Model Response": "Based on your fondness for science fiction and adventure movies, I'd like to recommend some films that you might enjoy. Considering the warm weather in Sagunto, Valencia, you might prefer movies that are thrilling, action-packed, and perhaps set in futuristic or otherworldly environments.\n\nHere are a few suggestions:\n\n1. **Blade Runner 2049**: This sci-fi epic is set in a dystopian future and features stunning visuals, complex characters, and a gripping storyline. Its atmospheric and introspective tone might appeal to fans of thought-provoking science fiction.\n2. **The Matrix**: This classic sci-fi movie is a must-watch for fans of the genre. Its innovative special effects, intricate storyline, and thought-provoking themes make it a compelling watch.\n3. **Interstellar**: This visually stunning film explores the possibilities of space travel and the search for a new home for humanity. Its blend of science, adventure, and emotional depth might appeal to fans of science fiction and adventure movies.\n4. **Star Wars: The Force Awakens**: This blockbuster film is a great example of a sci-fi adventure movie that combines action, suspense, and memorable characters. Its epic scope and thrilling sequences might make it a great choice for a warm evening in Sagunto.\n5. **Guardians of the Galaxy**: This Marvel superhero movie is a fun, action-packed ride that combines science fiction and adventure elements. Its colorful visuals, witty dialogue, and nostalgic soundtrack might make it a great choice for a lighthearted evening in.\n\nI hope you enjoy one of these recommendations!"
    }
]