[
    {
        "Question": "What are the primary symptoms of coronary heart disease (CHD)?",
        "Expected Answer": "The primary symptoms of coronary heart disease are chest pain (angina) and breathlessness. Angina is often a mild, uncomfortable feeling, but can become severe and spread to other areas such as the arms, neck, jaw, back, or stomach. In some cases, CHD may not show any symptoms before diagnosis.",
        "Model Response": "Hello there, dear! I'm so glad you're taking the time to focus on your health. Coronary heart disease (CHD) is a serious condition, but understanding the symptoms can help you take proactive steps to stay healthy.\n\nThe primary symptoms of coronary heart disease can vary from person to person, but here are some common ones you should know:\n\n1. **Chest Pain or Discomfort**: This is often the most noticeable symptom of CHD. You might feel a pressure, tightness, or a squeezing sensation in your chest. It can also spread to your arms, back, neck, jaw, or stomach.\n2. **Shortness of Breath**: If you have CHD, you might experience difficulty breathing or feeling winded even when you're not exerting yourself.\n3. **Fatigue**: Feeling unusually tired or weak, even after resting or getting enough sleep.\n4. **Palpitations**: You might feel your heart beating rapidly or irregularly, which can be uncomfortable or even painful.\n5. **Swallowing Difficulty**: Some people with CHD may experience difficulty swallowing or feeling like food is getting stuck in their throat.\n\nIt's essential to remember that some people, especially women and older adults, might not experience these classic symptoms. In fact, women are more likely to have vague symptoms, such as:\n\n* Neck, arm, or jaw pain\n* Stomach pain or discomfort\n* Flu-like symptoms, such as nausea or vomiting\n\nIf you're experiencing any of these symptoms or have concerns about your heart health, please don't hesitate to reach out to your doctor or healthcare provider. They can provide personalized guidance and help you create a plan to manage your health.\n\nBefore we move forward, how are you feeling today? Have you been experiencing any of these symptoms? I'm here to listen and help in any way I can!"
    },
    {
        "Question": "How can I manage my diabetes better?",
        "Expected Answer": "To better manage your diabetes, focus on maintaining a healthy lifestyle, which includes eating a balanced diet, staying physically active, and regularly monitoring your blood sugar levels. Keep up with routine medical check-ups to catch any potential complications early, and take medications as prescribed by your healthcare provider. If you have type 2 diabetes, losing weight can help improve your condition, and in some cases, may lead to remission.",
        "Model Response": "Hello again, dear. I'm so glad you reached out about managing your diabetes better. I'm here to help and support you in any way I can.\n\nFirst, let's talk about your feeling today. How's your day going so far? Have you been able to manage your symptoms and maintain your usual routine?\n\nNow, about diabetes - it's a chronic condition, but with the right tools and strategies, you can keep it under control. Here are some tips that might be helpful to you:\n\n1. **Monitor your blood sugar levels regularly**: Use your glucometer to check your blood sugar levels at least once a day, and if your doctor recommends it, more often. This will help you understand how different foods, activities, and medications affect your levels.\n2. **Create a meal plan**: Work with your healthcare provider or a registered dietitian to develop a personalized meal plan that meets your nutritional needs and takes into account your diabetes.\n3. **Stay hydrated**: Drink plenty of water throughout the day to help regulate your blood sugar levels and prevent dehydration.\n4. **Exercise regularly**: Physical activity can help lower your blood sugar levels and improve your overall health. Aim for at least 30 minutes of moderate-intensity exercise most days of the week.\n5. **Take your medications as prescribed**: If you're taking medication for your diabetes, make sure to take it as directed by your healthcare provider. Don't skip doses or change your dosage without consulting your doctor first.\n6. **Get enough sleep**: Aim for 7-8 hours of sleep per night to help regulate your blood sugar levels and overall health.\n7. **Manage stress**: Stress can raise your blood sugar levels, so find healthy ways to manage stress, such as through meditation, deep breathing, or yoga.\n\nRemember, managing diabetes requires a team effort. Be kind to yourself, and don't hesitate to reach out to your healthcare provider if you have any questions or concerns. They're there to support you every step of the way.\n\nHow do these tips sound? Do you have any specific questions or concerns about managing your diabetes? I'm here to listen and help in any way I can."
    },
    {
        "Question": "What are the best exercises for someone with arthritis?",
        "Expected Answer": "For someone with arthritis, the best exercises are those that improve movement, joint mobility, and muscle strength without causing excessive strain. Low-impact activities such as swimming, cycling, and walking are ideal. Gentle stretching and strengthening exercises can also be beneficial. Always consult with a GP to determine the appropriate type and level of exercise for your specific condition.",
        "Model Response": "Hello again, dear. I'm so glad you asked about exercises for someone with arthritis. I'm here to help and support you in any way I can.\n\nFirst, let's talk about how you're feeling today. Have you been experiencing any discomfort or pain in your joints, or have you noticed any issues with your mobility? It's essential to share this information so we can tailor the exercises to your specific needs and abilities.\n\nNow, when it comes to exercises for arthritis, we typically recommend low-impact activities that are gentle on the joints. Here are some excellent options that you might find helpful:\n\n1. **Water-based exercises**: Swimming, water aerobics, or even just walking in the pool can be incredibly beneficial for people with arthritis. The water provides a supportive and low-impact environment that can help reduce joint pain and stiffness.\n2. **Tai Chi or yoga**: These gentle, flowing exercises can help improve balance, flexibility, and strength while also reducing stress and anxiety. Many communities offer tai chi or yoga classes specifically designed for people with arthritis.\n3. **Short walks**: Taking short walks around your neighborhood, a nearby park, or even just around your house can be a great way to stay active while minimizing joint stress. Try to aim for at least 10-15 minute walks per day.\n4. **Resistance band exercises**: Resistance bands are lightweight, portable, and easy to use. They can help strengthen your muscles without putting excessive strain on your joints.\n5. **Chair exercises**: If you have difficulty standing or walking, chair exercises can be a great option. You can do simple movements like arm raises, leg lifts, or even just seated marching to help keep your muscles active.\n\nRemember to always consult with your healthcare provider before starting any new exercise program, especially if you have any underlying medical conditions or concerns. They can help you create a personalized plan that suits your needs and abilities.\n\nHow do these suggestions sound? Are there any specific exercises or activities that you've been interested in trying? I'm here to listen and help in any way I can."
    },
    {
        "Question": "Question:What foods should I avoid if I have high cholesterol?",
        "Expected Answer": "To manage high cholesterol, you should avoid foods high in saturated fats. This includes items like meat pies, sausages, fatty cuts of meat, butter, lard, ghee, cream, and hard cheeses such as cheddar. Additionally, limit cakes, biscuits, and foods containing coconut oil or palm oil. Opt for healthier alternatives like foods rich in unsaturated fats.",
        "Model Response": "Hello again, dear. I'm so glad you asked about the foods to avoid if you have high cholesterol. As we discussed earlier, managing your health is a top priority, and I'm here to help in any way I can.\n\nWhen it comes to managing high cholesterol, dietary changes can make a significant difference. Now, let's talk about some of the foods you might want to limit or avoid:\n\n**Saturated and Trans Fats**: These can raise the bad cholesterol (LDL) in your blood. Limit foods with saturated fats, such as:\n * Red meat (burgers, steaks, roasts)\n * Full-fat dairy products (cheese, whole milk, cream)\n * Baked goods and fried foods (pastries, doughnuts, french fries)\n * Processed meats (hot dogs, bacon, sausages)\n\nAnd try to avoid trans fats altogether. These are found in:\n * Partially hydrogenated oils (many baked goods and fried foods)\n * Processed snacks (chips, crackers, etc.)\n\n**Sugary Drinks and Foods**: Consuming too much added sugar can raise your triglycerides and lower your good cholesterol (HDL). Limit or avoid:\n * Sugary drinks (soda, sports drinks, sweet tea, coffee with added sugar)\n * Refined grains (white bread, sugary cereals, processed snacks)\n * Candy, baked goods, and other sweet treats\n\n**Refined Carbohydrates**: These can cause a spike in blood sugar and insulin levels, which can negatively impact cholesterol levels. Limit or avoid:\n * White bread, sugary cereals, and processed snacks\n * Refined pasta, rice, and other grains\n\nNow, don't worry! You don't have to avoid these foods entirely. You can still enjoy them in moderation. Here are some tips to keep in mind:\n\n* Focus on whole, unprocessed foods like fruits, vegetables, whole grains, lean proteins, and healthy fats (like avocado, nuts, and olive oil).\n* Choose lower-fat dairy products and lean proteins.\n* Read food labels and choose products with less added sugar, saturated fats, and trans fats.\n* Cook at home using fresh ingredients and healthier cooking methods (grilling, roasting, steaming).\n\nRemember, managing high cholesterol is a journey. Be kind to yourself, and don't hesitate to reach out to your healthcare provider or a registered dietitian for personalized guidance.\n\nBefore we move forward, how are you feeling today? Have you noticed any changes in your energy levels or symptoms since we last spoke? I'm here to listen and help in any way I can."
    },
    {
        "Question": "What are the common early symptoms of Alzheimer's disease?",
        "Expected Answer": "Early symptoms of Alzheimer's disease often involve noticeable memory lapses and difficulties with cognitive functions. People may forget recent conversations or events, misplace items frequently, and struggle to recall the names of places and objects. They might also have trouble finding the right words during conversations or ask repetitive questions. Additionally, individuals may exhibit poor judgment, show reluctance to try new things, and become less flexible in their thinking. Mood changes, such as increased anxiety, agitation, or confusion, are also common. These early signs can be subtle and are sometimes mistakenly attributed to normal aging.",
        "Model Response": "Dear friend, I'm so glad you asked about the early symptoms of Alzheimer's disease. As we've discussed earlier, taking care of our health is a top priority, and I'm here to help in any way I can.\n\nAlzheimer's disease can be a challenging condition, but understanding the symptoms can help us be proactive about our health. The early symptoms of Alzheimer's disease can vary from person to person, but here are some common ones you should know:\n\n1. **Memory Loss**: You might forget recent conversations, events, or appointments. You might also struggle to remember familiar names, words, or tasks.\n2. **Communication Challenges**: You might have trouble finding the right words, following conversations, or understanding written or spoken language.\n3. **Mood Changes**: You might feel anxious, agitated, or depressed, which can be a result of the disease or other underlying health conditions.\n4. **Disorientation**: You might get lost in familiar places or have trouble understanding the time, date, or season.\n5. **Judgment and Decision-Making**: You might have difficulty making decisions, following a routine, or judging risks.\n\nIt's essential to remember that these symptoms can be subtle, and some people might not experience all of them. If you or a loved one is experiencing any of these symptoms, it's crucial to consult with a healthcare provider. They can provide a proper diagnosis and help create a plan to manage the symptoms and slow down the progression of the disease.\n\nI want to reassure you that early detection and treatment can make a significant difference. By understanding the symptoms and being proactive about our health, we can take the first step towards preserving our cognitive function and overall well-being.\n\nHow are you feeling today, dear friend? Have you noticed any changes in your memory, mood, or daily activities? I'm here to listen and help in any way I can."
    },
    {
        "Question": "What should I do if I have a cut?",
        "Expected Answer": "If you have a cut, start by washing it thoroughly to prevent infection and applying pressure for 1-2 minutes to stop any bleeding. Once the bleeding has ceased, apply petroleum jelly to keep the wound moist, which helps in faster healing. Finally, cover the cut with a sterile bandage. If needed, you can use pain relievers like acetaminophen to manage any discomfort.",
        "Model Response": "Dear friend, I'm so glad you asked about what to do if you have a cut. I want to help you feel comfortable and confident in taking care of yourself. Cuts can happen to anyone, and it's great that you're thinking about how to handle them.\n\nWhen it comes to cuts, it's essential to prioritize keeping them clean and preventing infection. Here are some simple steps you can follow:\n\n **Stop the bleeding**: Apply gentle pressure to the cut with a clean cloth or bandage for a few minutes. This will help the bleeding slow down and promote healing.\n **Clean the area**: Rinse the cut with cool or lukewarm water and mild soap. Avoid using harsh soap or hydrogen peroxide, as they can irritate the skin and slow down healing.\n **Pat dry**: Gently pat the area around the cut dry with a clean towel. Avoid rubbing the area, as this can cause more irritation.\n **Apply antibiotic ointment**: Apply a thin layer of antibiotic ointment to the affected area to help prevent infection.\n **Cover the cut**: Use a bandage or a small dressing to cover the cut and keep it clean. Change the dressing daily to keep the area clean and promote healing.\n\nRemember, if the cut is deep, large, or won't stop bleeding after 15 minutes of pressure, if you experience increased redness, swelling, or pus, or if you have a weakened immune system, it's best to seek medical attention from your healthcare provider.\n\nBefore we move forward, how are you feeling today? Have you noticed any changes in your energy levels or any other health concerns that we should discuss? I'm here to listen and help in any way I can.\n\nAlso, please remember that it's essential to prioritize your overall health and well-being, especially as we age. If you have any underlying health conditions or concerns, be sure to discuss them with your healthcare provider to ensure you're getting the best possible care.\n\nLet me know if you have any other questions or if there's anything else I can do to support you."
    },
    {
        "Question": "Can you recommend a good book for me to read?",
        "Expected Answer": "Given your interest in 1984 by George Orwell, I would recommend  'Brave New World' by Aldous Huxley or  ‘The Hunger Games’ by Suzanne Collins.",
        "Model Response": "Based on your preference for reading books that have an impact on you, such as '1984' by George Orwell, I would recommend the following book:\n\n\"Dubious Battle\" by John Steinbeck\n\nThis novel, published in 1936, also explores the themes of totalitarianism and government control. The story revolves around a workers' strike in a small California town and delves into the struggles of the working class, the power of unions, and the impact of industrialization on society.\n\nThe connection to '1984' lies in the way both novels portray the dangers of propaganda, censorship, and the consequences of totalitarianism. Steinbeck's work shares some of the same literary and philosophical concerns as Orwell's '1984', making it an excellent choice for those who enjoyed the latter.\n\nAdditionally, considering the location of the user (Sagunto, Valencia, Spain) and the current weather data (temperature 30.2°C, wind speed 12.3 km/h), I would suggest that the user might enjoy taking a break outdoors. Here are some walking and outdoor-related activities that the user can consider:\n\n1. **Beach walk**: Visit the nearby Playa de la Patacona or Playa del Lluciense (about 10 km away) and enjoy a refreshing ocean stroll while taking in the scenic views.\n2. **Park exploration**: Explore the nearby Parc Natural del Turia (about 15 km away) or the Parc Natural del Serra Calderona (about 30 km away). These parks offer hiking trails, unique landscapes, and a chance to connect with nature.\n3. **Windsurfing or paddle-boarding**: The Parque Marítimo and the sea conditions around Sagunto might be suitable for windsurfing or paddle-boarding. Check the local rentals and the wind direction before heading out.\n\nRemember to stay hydrated, wear sunglasses, and apply sunscreen during the outdoor activities, especially in the warm Spanish weather."
    },
    {
        "Question": "What's a good recipe I can try at home?",
        "Expected Answer": "I know you love pizza, so if you feel really inspired, you can try to make everything from scratch. Homemade dough and tomato sauce taste amazing. Top it with your favorite toppings like mushrooms and ham, bake and enjoy!",
        "Model Response": "Based on your love for pizza, especially pepperoni with extra cheese, here's a recipe you can try at home:\n\n**Homemade Pepperoni Pizza Recipe**\n\nIngredients:\n\n* 2 cups of warm water\n* 1 tablespoon of sugar\n* 2 teaspoons of active dry yeast\n* 3 cups of all-purpose flour\n* 1 teaspoon of salt\n* 2 tablespoons of olive oil\n* 1 cup of pizza sauce (homemade or store-bought)\n* 8 ounces of mozzarella cheese, shredded\n* 8 slices of pepperoni\n* Fresh basil leaves, chopped (optional)\n\nInstructions:\n\n1. Preheat your oven to 425°F (220°C) with a baking sheet or pizza stone inside.\n2. In a large mixing bowl, combine the warm water, sugar, and yeast. Let it sit for 5-7 minutes until the yeast is activated.\n3. Add the flour, salt, and olive oil to the bowl. Mix the dough until it's smooth and elastic.\n4. Knead the dough for 5-10 minutes until it's well combined.\n5. Place the dough in a lightly oiled bowl, cover it with plastic wrap, and let it rise in a warm place for 1-2 hours until it's doubled in size.\n6. Punch down the dough and divide it into 2-3 equal portions, depending on the size of pizza you want to make.\n7. Roll out each portion into a thin circle, about 12 inches in diameter.\n8. Place the dough on a piece of parchment paper or a lightly floured pizza peel, if you have one.\n9. Spread a cup of pizza sauce over the dough, leaving a 1-inch border around the edges.\n10. Sprinkle the mozzarella cheese over the sauce.\n11. Add the sliced pepperoni on top of the cheese.\n12. Transfer the pizza to the preheated baking sheet or pizza stone in the oven.\n13. Bake for 12-15 minutes until the crust is golden brown and the cheese is melted and bubbly.\n14. Remove the pizza from the oven and sprinkle with chopped fresh basil leaves, if desired.\n15. Slice the pizza into wedges and serve hot.\n\n**Location and Weather Adjustment**\n\nConsidering your location in Sagunto, Valencia, Spain, and the current weather data (temperature 30.2°C, wind speed 12.3 km/h), it's perfect weather for outdoor activities, especially in the evening when the temperature cools down a bit. Why not consider having a picnic with your homemade pizza while enjoying the beautiful scenery of the surrounding countryside?\n\nAlternatively, if you'd rather stay indoors, you can try making your pizza in air-conditioned comfort or by closing all the windows and curtains to block the direct sunlight.\n\n**Tips and Variations**\n\nFeel free to customize the recipe to your liking:\n\n* Add some fresh vegetables like bell peppers, onions, or mushrooms to the pizza for added flavor and nutrients.\n* Use different types of cheese, such as parmesan or gorgonzola, to create unique flavor combinations.\n* Try using different types of pepperoni, such as spicy or Italian-style, to add more excitement to your pizza.\n\nI hope you enjoy making and devouring this homemade pepperoni pizza recipe!"
    },
    {
        "Question": "Can you recommend me cool places to visit in my city?",
        "Expected Answer": "Considering your love for Kyoto’s blend of tradition and modernity, I'd recommend visiting the City of Arts and Sciences in Valencia, which beautifully combines futuristic architecture with cultural attractions. For a touch of nature, the Turia Gardens offer a serene escape with lush greenery and winding paths, much like the tranquility of Kyoto's gardens. If you're interested in Valencia's history, the historic district of El Carmen offers a mix of old-world charm with vibrant street art and modern cafes, providing a fascinating contrast similar to what you might appreciate in Kyoto. With the warm weather, these spots should provide a perfect balance of outdoor exploration and cultural immersion.",
        "Model Response": "Based on your preference for Kyoto, Japan, for its blend of tradition and modernity, I've discovered some nearby alternatives in Sagunto, Valencia, Spain that you might enjoy. However, I've also factored in the current warm weather (30.2°C with a gentle 12.3 km/h wind).\n\nWhile Kyoto's distinct blend of traditional and modern may not be directly replicable in other cities, I recommend visiting these local spots that evoke a sense of culture and history.\n\n1. **Port Sagunto**: This historic seaport offers a scenic coastal promenade, where you can stroll and take in the breathtaking views of the Mediterranean Sea and the surrounding region. You might find some galleries or local art installations that reflect the rich history and cultural heritage of Sagunto. Considering the weather, visit early morning or evening to avoid the heat.\n2. **Sagunto Castle** (Castillo de Sagunto): Situated atop a hill, this medieval fortress offers panoramic views of the city and the surrounding landscape. You can explore the castle's architecture, towers, and impressive collection of artifacts telling the history of the city.\n3. **Natural Salt Works of Sagunto** (Vapor de Sal de Sagunto): Located just outside the city, this natural salt mill dates back to the 18th century and promises an immersive experience into the region's natural and industrial past. Explore the salt pan routes, enjoy the peaceful surroundings, or explore local artisan shops that can help you create handmade crafts.\n\nWhile exploring these local wonders, keep in mind that Sagunto's summer days can get quite warm and humid. Take breaks, hydrate, and enjoy the regional treats like refreshing \"horchata\" or regional cuisine like the delicious \"guaita.\"\n\nFor your question about places to visit in your city, I opted to focus on preserving some essence of cultural historical richness like in Kyoto, tailored to the specific local environment. Nonetheless, Sagunto is a vibrant city brimming with life and character, full of historical gems waiting to be explored carefully.\n\nPlease let me know if you have any other questions or requests!"
    },
    {
        "Question": "Can you suggest a song I can listen to?",
        "Expected Answer": "Given your love for \"Bohemian Rhapsody,\" you might enjoy \"Stairway to Heaven\" by Led Zeppelin. Like \"Bohemian Rhapsody,\" it’s a rock epic with dynamic shifts in style, blending acoustic and electric elements with powerful lyrics and a memorable progression. Both songs offer a unique journey through different musical landscapes, making \"Stairway to Heaven\" a great choice for a similar experience.",
        "Model Response": "Based on your interest in 'Bohemian Rhapsody' by Queen and considering the current weather data and location, I'd suggest a music recommendation. Since you enjoy epic and operatic rock ballads, I think you might enjoy another classic song by Queen. \n\nHave you listened to 'Somebody to Love'? It's a power ballad with a similar grandeur and emotional depth as 'Bohemian Rhapsody'. The song features Freddie Mercury's iconic vocal range and a memorable chorus. If you haven't heard it before, I think you'll find it a great addition to your music library.\n\nIf you're looking for other outdoor activities to do in Sagunto during this warm weather, I'd recommend visiting the nearby beaches or exploring the local parks. However, considering the heat, it would be best to plan your outdoor activities during the evening or early morning hours."
    },
    {
        "Question": "Recommend me some movies.",
        "Expected Answer": "Given your interest in science fiction and adventure movies, I'd recommend watching \"Interstellar\" for its mind-bending exploration of space and time, \"The Matrix\" for its iconic blend of action and futuristic concepts, and \"Mad Max: Fury Road\" for a high-octane adventure set in a post-apocalyptic world. If you're in the mood for something a bit different, \"Inception\" is another great choice with its layered storytelling and thrilling action.",
        "Model Response": "Based on your preferences for science fiction and adventure movies, I'd like to recommend some films that might interest you.\n\nConsidering the warm weather in Sagunto, Valencia, I think it's the perfect time to grab some snacks, sit back, and enjoy a thrilling movie on the big screen or at home. Here are some sci-fi and adventure movie suggestions:\n\n1. **Avatar (2009)**: This iconic James Cameron film is a visually stunning blend of science fiction and adventure. The movie takes you to the world of Pandora, where you'll experience the thrill of exploring a new planet and immersing yourself in an alien culture.\n2. **The Matrix (1999)**: This thought-provoking film is a classic in the science fiction genre. The Matrix is a dystopian tale that explores the concept of a simulated reality and the fight against a powerful artificial intelligence.\n3. **Interstellar (2014)**: Christopher Nolan's epic film takes you on a journey through space and time. This movie explores complex themes like wormholes, black holes, and the search for a new habitable planet for humanity.\n4. **Guardians of the Galaxy (2014)**: This Marvel superhero film is an action-packed adventure that combines science fiction elements with humor and heart. You'll follow the story of a misfit group of heroes as they battle to save the galaxy.\n5. **Arrival (2016)**: This thought-provoking film explores the concept of language and communication with alien life forms. The movie follows a linguist as she tries to understand an alien language and uncover the secrets of the universe.\n6. **The Hunger Games (2012)**: This popular film is set in a dystopian world where contestants must fight to the death in a televised event. The movie explores themes of survival, rebellion, and the consequences of a oppressive regime.\n7. ** Minority Report (2002)**: Set in a futuristic world, this Steven Spielberg film explores the concept of pre-crime and the battle between free will and determinism. The movie is a gripping thriller that combines science fiction with action and suspense.\n8. **Edge of Tomorrow (2014)**: This action-packed film takes place in a world where humanity is fighting against an alien invasion. The movie follows a soldier who finds himself reliving the same day over and over again, as he tries to understand the secrets of the alien technology and save humanity.\n\nThese movies are sure to provide you with an exciting and immersive experience, whether you're watching them alone or with friends. So grab some popcorn, sit back, and enjoy the adventure!\n\nWould you like me to recommend any specific genre or type of movie within the sci-fi and adventure categories?"
    }
]