[
    {
        "Question": "What are the primary symptoms of coronary heart disease (CHD)?",
        "Expected Answer": "The primary symptoms of coronary heart disease are chest pain (angina) and breathlessness. Angina is often a mild, uncomfortable feeling, but can become severe and spread to other areas such as the arms, neck, jaw, back, or stomach. In some cases, CHD may not show any symptoms before diagnosis.",
        "Model Response": "Hello there! I'm here to help answer your questions to the best of my ability. You asked about the primary symptoms of coronary heart disease (CHD). That's an important question, and I'd be happy to assist.\n\nCoronary heart disease, also known as coronary artery disease, is a condition where the blood vessels that supply your heart with oxygen and nutrients (the coronary arteries) become narrowed or blocked due to the buildup of cholesterol, fat, and other substances.\n\nThe primary symptoms of CHD can include:\n\n1. Chest pain or discomfort (angina): You may feel pressure, squeezing, or fullness in your chest, which can sometimes extend to your arms, neck, jaw, or back. This pain usually occurs during physical activity or emotional stress, but it can also happen while resting.\n\n2. Shortness of breath: This can occur with or without chest discomfort and may happen when you're physically active or exerting yourself.\n\n3. Fatigue: You may feel unusually tired or weak, especially during physical activities.\n\n4. Heart palpitations: You might experience a rapid, fluttering, or irregular heartbeat.\n\n5. Swelling: Fluid buildup in the body, particularly in the ankles, feet, and legs, can be a symptom of heart failure, which can be a complication of CHD.\n\n6. Lightheadedness or dizziness: These sensations can occur due to a decrease in blood flow to the brain.\n\nIf you or someone else is experiencing any of these symptoms, it is crucial to seek medical attention immediately, as they could indicate a medical emergency. Please remember that I am an AI and not a doctor, and my advice should not replace professional medical consultation."
    },
    {
        "Question": "How can I manage my diabetes better?",
        "Expected Answer": "To better manage your diabetes, focus on maintaining a healthy lifestyle, which includes eating a balanced diet, staying physically active, and regularly monitoring your blood sugar levels. Keep up with routine medical check-ups to catch any potential complications early, and take medications as prescribed by your healthcare provider. If you have type 2 diabetes, losing weight can help improve your condition, and in some cases, may lead to remission.",
        "Model Response": "Hello there! I'm glad you reached out and asked about how to manage diabetes better. It's essential to take good care of yourself, especially when dealing with this condition. Here are some tips to help you manage your diabetes more effectively:\n\n1. Monitor your blood sugar levels regularly: Keep track of your blood sugar levels as recommended by your healthcare provider. This will help you understand how well your medication, diet, and exercise are controlling your blood sugar.\n\n2. Maintain a balanced diet: Eating a healthy and balanced diet is crucial for managing diabetes. Focus on consuming whole grains, fruits, vegetables, lean protein sources, and healthy fats. Try to limit your intake of processed foods, sugary drinks, and high-fat and high-sodium foods.\n\n3. Engage in regular physical activity: Regular exercise can help lower your blood sugar levels, improve your insulin sensitivity, maintain a healthy weight, and reduce the risk of heart disease. Aim for at least 30 minutes of moderate-intensity aerobic exercise, like brisk walking, on most days of the week.\n\n4. Manage your medication: It's essential to take your diabetes medications as prescribed by your doctor. If you have any questions or concerns about your medication, don't hesitate to discuss them with your healthcare provider.\n\n5. Attend regular check-ups: Regular appointments with your healthcare provider will help you monitor your diabetes, identify any potential complications early, and adjust your treatment plan as needed.\n\n6. Manage stress and maintain emotional well-being: High stress levels can affect your blood sugar control, so it's essential to find ways to manage stress, such as practicing relaxation techniques, getting enough sleep, and connecting with friends and family.\n\n7. Be prepared for emergencies: Keep a supply of diabetes medication, testing equipment, and a source of fast-acting carbohydrates with you at all times in case of low blood sugar emergencies.\n\nRemember, managing diabetes is a lifelong commitment, but with the proper care, you can lead a healthy, happy, and active life. Don't hesitate to reach out to your healthcare provider if you have any questions or concerns."
    },
    {
        "Question": "What are the best exercises for someone with arthritis?",
        "Expected Answer": "For someone with arthritis, the best exercises are those that improve movement, joint mobility, and muscle strength without causing excessive strain. Low-impact activities such as swimming, cycling, and walking are ideal. Gentle stretching and strengthening exercises can also be beneficial. Always consult with a GP to determine the appropriate type and level of exercise for your specific condition.",
        "Model Response": "Hello there! I'm here to support you and answer your questions as best I can. You asked about the best exercises for someone with arthritis, and I'd be happy to help.\n\nArthritis can cause joint pain and stiffness, but it's important to stay active to maintain mobility and strength. Here are some low-impact exercises that are often recommended for people with arthritis:\n\n1. Range-of-motion exercises: These help maintain and improve flexibility and mobility in your joints. Examples include gentle neck and shoulder rolls, wrist circles, and ankle rolls.\n\n2. Strengthening exercises: Using light weights or resistance bands can help build and maintain muscle around your joints, providing additional support. Remember to start slowly and gradually increase the intensity and duration.\n\n3. Aerobic exercises: Activities that raise your heart rate and promote overall cardiovascular health, while being gentle on your joints. Some options include walking, cycling, swimming, and water aerobics.\n\n4. Balance exercises: These help improve stability and reduce the risk of falls. Examples include standing on one foot, heel-to-toe walking, and yoga poses that focus on balance.\n\nHere are a few tips to keep in mind when exercising with arthritis:\n\n- Warm up before starting your exercise routine and cool down afterwards to help reduce stress on your joints.\n- Listen to your body and avoid exercises that cause significant pain or discomfort.\n- Consider working with a physical therapist or certified trainer who has experience working with people with arthritis.\n- Don't forget to stay hydrated and wear appropriate clothing and footwear for your chosen activity.\n\nRegular exercise can help improve your joint mobility, reduce pain, strengthen your muscles, and enhance your overall well-being. As always, it's important to consult with your healthcare provider before starting any new exercise program. They can help tailor a plan that's safe and effective for your unique needs.\n\nI hope this information is helpful, and please let me know if you have any other questions or concerns I can address! Stay active and take care!"
    },
    {
        "Question": "Question:What foods should I avoid if I have high cholesterol?",
        "Expected Answer": "To manage high cholesterol, you should avoid foods high in saturated fats. This includes items like meat pies, sausages, fatty cuts of meat, butter, lard, ghee, cream, and hard cheeses such as cheddar. Additionally, limit cakes, biscuits, and foods containing coconut oil or palm oil. Opt for healthier alternatives like foods rich in unsaturated fats.",
        "Model Response": "Hello there! I'm glad you're taking steps to manage your high cholesterol. It's important to be aware of the types of foods that can affect your cholesterol levels. Here are some foods you might want to avoid or limit:\n\n1. Saturated fats: These are often found in animal products such as red meat (like beef, lamb, and pork), poultry with skin, butter, cheese, and whole milk. They can increase your LDL (bad) cholesterol levels.\n\n2. Trans fats: These are often found in processed foods like packaged snacks, baked goods (like cakes, cookies, and pastries), fried foods, and margarines. Trans fats can also raise your LDL cholesterol levels and lower your HDL (good) cholesterol levels."
    },
    {
        "Question": "What are the common early symptoms of Alzheimer's disease?",
        "Expected Answer": "Early symptoms of Alzheimer's disease often involve noticeable memory lapses and difficulties with cognitive functions. People may forget recent conversations or events, misplace items frequently, and struggle to recall the names of places and objects. They might also have trouble finding the right words during conversations or ask repetitive questions. Additionally, individuals may exhibit poor judgment, show reluctance to try new things, and become less flexible in their thinking. Mood changes, such as increased anxiety, agitation, or confusion, are also common. These early signs can be subtle and are sometimes mistakenly attributed to normal aging.",
        "Model Response": "Hello there, I hope you're doing well today! You asked about the common early symptoms of Alzheimer's disease, and I'd be happy to help. It's important to be informed about such matters, especially as we age.\n\nAlzheimer's disease is a progressive neurological disorder that causes problems with memory, thinking, and behavior. The early symptoms of Alzheimer's can be subtle and may not be immediately recognized, but they often include:\n\n1. Memory loss that disrupts daily life: This may include forgetting recently learned information, important dates, or asking for the same information over and over.\n2. Challenges in planning or solving problems: It might be difficult to follow a familiar recipe or keep track of bills, for example.\n3. Difficulty completing familiar tasks: This could involve problems with driving to a familiar location, organizing a grocery list, or remembering the rules of a favorite game.\n4. Confusion with time or place: People with Alzheimer's might have trouble understanding an event that is happening later or struggle to understand the passage of time.\n5. Trouble understanding visual images and spatial relationships: This might cause difficulty with reading, judging distance, or determining color.\n6. New problems with words in speaking or writing: This can include forgetting simple words or having trouble following or joining a conversation.\n7. Misplacing things and losing the ability to retrace steps: A person with Alzheimer's might put things in unusual places and be unable to retrace their steps to find them again.\n8. Decreased or poor judgment: This can lead to bad decisions regarding money, for example, or inattention to grooming.\n9. Withdrawal from work or social activities: This might be due to the person's confusion, discomfort, or fear.\n10. Changes in mood and personality: This can include increased anxiety, depression, suspicion, or fearfulness.\n\nIt's essential to remember that if you or someone else is experiencing any of these symptoms, it's crucial to consult with a healthcare professional. While I strive to provide accurate information, I am an AI and not a doctor, and my advice should never replace a professional medical consultation. Early diagnosis and intervention can significantly impact the quality of life for those affected by Alzheimer's disease. Stay healthy, and please let me know if you have any other questions or concerns. I'm here to help!"
    },
    {
        "Question": "What should I do if I have a cut?",
        "Expected Answer": "If you have a cut, start by washing it thoroughly to prevent infection and applying pressure for 1-2 minutes to stop any bleeding. Once the bleeding has ceased, apply petroleum jelly to keep the wound moist, which helps in faster healing. Finally, cover the cut with a sterile bandage. If needed, you can use pain relievers like acetaminophen to manage any discomfort.",
        "Model Response": "Hello there, I'm here to assist you with your question about what to do if you have a cut. It's important to take good care of any cuts to prevent infection and help them heal properly. Here are some steps you can follow:\n\n1. Clean the wound: Gently wash the cut with clean water to remove any dirt or debris. You can use a mild soap on the area around the cut, but avoid getting soap directly in the wound as it may cause irritation.\n\n2. Apply an antibiotic ointment or cream: After cleaning the wound, apply a thin layer of over-the-counter antibiotic ointment or cream, such as Neosporin or Bacitracin, to help prevent infection.\n\n3. Cover the wound: Use a bandage or gauze to cover the cut. This will help keep it clean and prevent bacteria from entering. Be sure to change the bandage daily or whenever it becomes wet, dirty, or starts to stick to the wound.\n\n4. Monitor for signs of infection: If you notice increased pain, redness, swelling, warmth, or pus around the cut, these could be signs of an infection. Seek medical attention if you observe any of these symptoms.\n\n5. Keep the wound dry: While it's important to keep the cut clean, also ensure it stays dry. Avoid submerging the wound in water or getting it too wet, as this can slow down the healing process.\n\nWhile I'm here, I hope you're doing well overall. I noticed some of our previous conversations covered topics like managing diabetes, arthritis exercises, and high cholesterol foods. If you have any questions or concerns related to those topics or any other health concerns, please feel free to ask. I'm here to help and provide reliable information to the best of my ability. Stay safe and take care!"
    },
    {
        "Question": "Can you recommend a good book for me to read?",
        "Expected Answer": "Given your interest in 1984 by George Orwell, I would recommend  'Brave New World' by Aldous Huxley or  ‘The Hunger Games’ by Suzanne Collins.",
        "Model Response": "Based on our conversation history, I know that you've found '1984' by George Orwell to be impactful. Considering your interest in thought-provoking literature, I'd like to recommend 'Brave New World' by Aldous Huxley. This dystopian novel shares themes with '1984' and invites reflection on the intersection of technology, power, and human nature.\n\nAs for the current weather in Sagunto, Spain, it is 30.1°C with a wind speed of 12.4 km/h. You might enjoy reading this book in a nearby park or by the beach, enjoying the sunny weather while immersed in Huxley's intriguing world. Remember to protect yourself from the sun with sunscreen, a hat, and sunglasses. Stay safe, stay curious, and enjoy your new literary adventure!"
    },
    {
        "Question": "What's a good recipe I can try at home?",
        "Expected Answer": "I know you love pizza, so if you feel really inspired, you can try to make everything from scratch. Homemade dough and tomato sauce taste amazing. Top it with your favorite toppings like mushrooms and ham, bake and enjoy!",
        "Model Response": "Given your love for pizza, especially pepperoni with extra cheese, I'd like to suggest a homemade pizza recipe for you to try! Here's a simple yet delicious recipe to make a delicious pepperoni pizza:\n\n**Ingredients:**\n\n1. Pizza dough (store-bought or homemade)\n2. Pizza sauce (store-bought or homemade)\n3. Shredded mozzarella cheese (2-3 cups)\n4. Pepperoni slices (150-200 grams)\n5. Olive oil\n6. Optional: Fresh basil leaves, grated Parmesan cheese, or crushed red pepper flakes for topping\n\n**Instructions:**\n\n1. Preheat your oven to 220°C (425°F) and place a rack in the middle position. If you have a pizza stone, place it in the oven while preheating.\n2. Roll out the pizza dough on a floured surface to your desired thickness. You can make a thin or thick crust, depending on your preference.\n3. Transfer the rolled-out dough to a pizza peel or an inverted baking sheet. Lightly brush the dough with olive oil.\n4. Spread an even layer of pizza sauce on the dough, leaving a small border for the crust.\n5. Sprinkle the shredded mozzarella cheese evenly over the pizza sauce.\n6. Arrange the pepperoni slices on top of the cheese. Add any optional toppings, like fresh basil leaves, at this point.\n7. Carefully transfer the pizza to the preheated oven (on the pizza stone or a baking sheet) and bake for 10-15 minutes or until the crust is golden brown and the cheese is bubbly and slightly browned.\n8. Remove the pizza from the oven and let it rest for a couple of minutes for the cheese to set a bit.\n9. Slice the pizza and serve hot. Enjoy your delicious homemade pepperoni pizza!\n\nSince it's a sunny day in Sagunto, Spain, with a temperature of 30.1°C and a wind speed of 12.4 km/h, consider enjoying your pizza outdoors. Have a picnic in a nearby park or dine al fresco on your balcony or terrace. Don't forget to protect yourself from the sun with sunscreen, a hat, and sunglasses. Enjoy your meal and the beautiful weather!"
    },
    {
        "Question": "Can you recommend me cool places to visit in my city?",
        "Expected Answer": "Considering your love for Kyoto’s blend of tradition and modernity, I'd recommend visiting the City of Arts and Sciences in Valencia, which beautifully combines futuristic architecture with cultural attractions. For a touch of nature, the Turia Gardens offer a serene escape with lush greenery and winding paths, much like the tranquility of Kyoto's gardens. If you're interested in Valencia's history, the historic district of El Carmen offers a mix of old-world charm with vibrant street art and modern cafes, providing a fascinating contrast similar to what you might appreciate in Kyoto. With the warm weather, these spots should provide a perfect balance of outdoor exploration and cultural immersion.",
        "Model Response": "In Sagunto, Spain, given your love for a blend of tradition and modernity like Kyoto, Japan, I recommend visiting the historic city center of Sagunto with its Roman Theater and medieval castle, followed by a modern and relaxing stroll along the Puerto de Sagunto boardwalk. The Roman Theater and medieval castle showcase the rich history of Sagunto, while the boardwalk offers a modern atmosphere with stunning views of the Mediterranean Sea. With a temperature of 30.1°C and a wind speed of 12.4 km/h, it's a perfect day to enjoy the outdoors. Don't forget to stay hydrated and use sun protection. Enjoy your day!"
    },
    {
        "Question": "Can you suggest a song I can listen to?",
        "Expected Answer": "Given your love for \"Bohemian Rhapsody,\" you might enjoy \"Stairway to Heaven\" by Led Zeppelin. Like \"Bohemian Rhapsody,\" it’s a rock epic with dynamic shifts in style, blending acoustic and electric elements with powerful lyrics and a memorable progression. Both songs offer a unique journey through different musical landscapes, making \"Stairway to Heaven\" a great choice for a similar experience.",
        "Model Response": "Based on your appreciation for \"Bohemian Rhapsody\" by Queen, I would like to recommend \"Don't Stop Me Now\" by Queen. This upbeat and energetic song is sure to boost your mood and make you want to sing along. With its lively rhythm and optimistic lyrics, it's a great choice for a sunny day in Sagunto, Spain, where the temperature is 30.1°C and the wind speed is 12.4 km/h. You might enjoy listening to this song while taking a modern and relaxing stroll along the Puerto de Sagunto boardwalk, immersing yourself in the beautiful views of the Mediterranean Sea. Don't forget to stay hydrated and protected from the sun with sunscreen, a hat, and sunglasses. Enjoy your day and the music!"
    },
    {
        "Question": "Recommend me some movies.",
        "Expected Answer": "Given your interest in science fiction and adventure movies, I'd recommend watching \"Interstellar\" for its mind-bending exploration of space and time, \"The Matrix\" for its iconic blend of action and futuristic concepts, and \"Mad Max: Fury Road\" for a high-octane adventure set in a post-apocalyptic world. If you're in the mood for something a bit different, \"Inception\" is another great choice with its layered storytelling and thrilling action.",
        "Model Response": "Given your enjoyment of science fiction and adventure movies, I have a few recommendations for you to enjoy. Since it's a sunny day in Sagunto, Spain (30.1°C and a wind speed of 12.4 km/h), consider watching these films either outdoors, perhaps in a nearby park, or at home in a cool, comfortable setting.\n\n1. \"Interstellar\" (2014): Directed by Christopher Nolan, this film combines science fiction, adventure, and drama. With its exploration of space and time, it's an engaging and thought-provoking movie experience.\n\n2. \"The Martian\" (2015): This film, directed by Ridley Scott, is an exciting science fiction adventure about an astronaut stranded on Mars. It's both suspenseful and humorous, showcasing the resilience of the human spirit in the face of adversity.\n\n3. \"Inception\" (2010): Christopher Nolan's masterpiece blends science fiction and adventure with a captivating storyline about dreams within dreams. With its action-packed sequences and intricate plot, it will keep you engaged until the very end.\n\n4. \"Jurassic Park\" (1993): Directed by Steven Spielberg, this classic adventure film takes you on a journey through a world where dinosaurs have been brought back to life. With its mix of suspense, excitement, and stunning visual effects, it's a must-watch.\n\n5. \"Mad Max: Fury Road\" (2015): This post-apocalyptic action thriller, directed by George Miller, takes you on an intense, adrenaline-fueled adventure. It's an immersive, visually striking experience filled with captivating vehicles and gripping stunts.\n\nSit back, relax, and enjoy these adventure-filled and thought-provoking movies. Don't forget to stay hydrated and protected from the sun!"
    }
]