[
        {
            "question": "Full Name",
            "answer": "Marta James Smith"
        },
        {
            "question": "Age",
            "answer": "63"
        },
        {
            "question": "Date of birth",
            "answer": "25/03/1961"
        },
        
        {
            "question": "Gender",
            "answer": "Female"
        },
        {
            "question": "Place of residence",
            "answer": "Valencia"
        },
        {
            "question": "Place of birth",
            "answer": "New Jersey"
        },
        {
            "question": "Marital status",
            "answer": "Single"
        },
        {
            "question": "Number of children/grandchildren (if applicable)",
            "answer": "Not applicable"
        },
        {
            "question": "What role do your family members play in your life?",
            "answer": "They are a fundamental pillar. My family is super important to me and I love them very much."
        },
        {
            "question": "Do you have any special anecdote about your family that you would like to share?",
            "answer": "We were on a trip and someone took a photo of us where we all had really funny faces. To this day, we still laugh about that photo."
        },
        {
            "question": "What do you like to do in your free time?",
            "answer": "I like being in nature, listening to music, watching series and movies, and enjoying time with family or friends."
        },
        {
            "question": "Do you have any favorite hobby or pastime?",
            "answer": "I really enjoy swimming."
        },
        {
            "question": "What has been your most memorable trip or experience?",
            "answer": "When I traveled with my family to Bulgaria."
        },
        {
            "question": "What trip would you like to take in the future?",
            "answer": "I would love to travel to Asia."
        },
        {
            "question": "What has been your profession?",
            "answer": "I have been a Data Scientist."
        },
        {
            "question": "If you dedicated yourself to being a housewife, what was the best part of that job?",
            "answer": "I have not been a housewife."
        },
        {
            "question": "What has been your most significant job?",
            "answer": ""
        },
        {
            "question": "What did you like about that job?",
            "answer": ""
        },
        {
            "question": "Do you have any interesting memories or stories from your student or working days that you would like to share?",
            "answer": ""
        },
        {
            "question": "What did you study?",
            "answer": "I studied Data Science at UPV (Polytechnic University of Valencia)."
        },
        {
            "question": "Is there any significant event in your life that has had a profound impact on you?",
            "answer": "The death of my grandfather deeply affected me and made me value my time with family more."
        },
        {
            "question": "What experiences in your life have been the most important to you?",
            "answer": "Traveling alone through Europe and living in different cultures has been one of the most enriching experiences."
        },
        {
            "question": "What do you think have been your greatest achievements?",
            "answer": "Graduating with honors from university and publishing my first book are my greatest achievements."
        },
        {
            "question": "What is your favorite food?",
            "answer": "I love pizza, especially pepperoni with extra cheese."
        },
        {
            "question": "What type of movies do you like?",
            "answer": "I really enjoy science fiction and adventure movies."
        },
        {
            "question": "If you have a favorite movie, what is it?",
            "answer": "My favorite movie is 'Inception' by Christopher Nolan."
        },
        {
            "question": "Can you tell me a book that you liked?",
            "answer": "A book that impacted me was '1984' by George Orwell."
        },
        {
            "question": "Tell me a song you like",
            "answer": "I really like 'Bohemian Rhapsody' by Queen."
        },
        {
            "question": "What is your favorite place in the world?",
            "answer": "My favorite place in the world is Kyoto, Japan, for its blend of tradition and modernity."
        },
        {
            "question": "Do you play any musical instruments?",
            "answer": "Yes, I have been playing the guitar since I was a teenager."
        },
        {
            "question": "Do you have any health concerns you would like to share?",
            "answer": "I do not have any significant health concerns at the moment."
        },
        {
            "question": "Do you exercise regularly?",
            "answer": "Yes, I run every morning and go to the gym three times a week."
        },
        {
            "question": "What is your favorite sport?",
            "answer": "My favorite sport is basketball."
        },
        {
            "question": "How do you manage stress or worries?",
            "answer": "I practice meditation and enjoy going for walks to clear my mind."
        },
        {
            "question": "How do you take care of your emotional well-being?",
            "answer": "I regularly talk to my friends and family and practice yoga."
        },
        {
            "question": "Do you often engage in activities with other people, such as going to the movies, theater, excursions, trips, etc.?",
            "answer": "Yes, I really enjoy going to the movies and going on excursions with my friends on weekends."
        },
        {
            "question": "Do you consider yourself to have a healthy diet?",
            "answer": "Yes, I try to eat a balanced diet and avoid processed foods."
        },
        {
            "question": "Do you usually sleep well?",
            "answer": "Yes, I generally sleep between 7 and 8 hours each night."
        },
        {
            "question": "Do you regularly do activities that keep your mind stimulated, like puzzles, crosswords, reading, workshops, etc.?",
            "answer": "Yes, I enjoy doing crosswords and reading books of various genres regularly."
        },
        {
            "question": "What would you like to achieve in the future?",
            "answer": "I would like to start my own business and travel the world."
        },
        {
            "question": "Is there something you have always wanted to do but haven't done yet?",
            "answer": "I have always wanted to learn to scuba dive and explore the ocean."
        },
        {
            "question": "What is your most treasured memory?",
            "answer": "My most treasured memory is when my family and I traveled to the mountains together for the first time."
        },
        {
            "question": "Do you have any childhood stories or anecdotes you would like to share?",
            "answer": "I remember getting lost in an amusement park and finding my family thanks to a kind security guard."
        },
        {
            "question": "Is there any current issue that particularly worries you?",
            "answer": "I am concerned about climate change and its impact on our planet."
        },
        {
            "question": "What do you think about this issue?",
            "answer": "I believe we all need to make an effort to reduce our carbon footprint and protect the environment."
        },
        {
            "question": "What values are most important to you?",
            "answer": "Honesty, empathy, and perseverance are the most important values to me."
        },
        {
            "question": "Which of these values do you think you possess?",
            "answer": "I believe I am an honest and empathetic person, and I always strive to persevere in my goals."
        },
        {
            "question": "What positive adjectives do you think define you?",
            "answer": "I think I am creative, friendly, and hardworking."
        },
        {
            "question": "What are you good at doing?",
            "answer": "I am good at writing, playing the guitar, and solving logical problems."
        }
        
    ]
    
